﻿currency_numeric_code,currency_alphabetic_code,currency_decimal_separator,currency_name
924,ZWG,2,Zimbabwe Gold
068,BOB,2,Boliviano
978,EUR,2,Euro
368,IQD,3,Iraqi Dinar
156,CNY,2,Renminbi
060,BMD,2,Bermudian Dollar
964,XPD,,Palladium (One Troy Ounce)
533,AWG,2,Aruban Florin
426,LSL,2,Lesotho Loti
788,TND,3,Tunisian Dinar
604,PEN,2,Peruvian Sol
634,QAR,2,Qatari Riyal
414,KWD,3,Kuwaiti Dinar
955,XBA,,European Composite Unit (Eurco) (Bond Market Unit)
886,YER,2,Yemeni Rial
512,OMR,3,Omani Rial
940,UYI,0,Uruguay Peso En Unidades Indexadas (URUIURUI) (Funds Code)
961,XAG,,Silver (One Troy Ounce)
590,PAB,2,Panamanian Balboa
973,AOA,2,Angolan Kwanza
967,ZMW,2,Zambian Kwacha
934,TMT,2,Turkmenistan Manat
962,XPT,,Platinum (One Troy Ounce)
598,PGK,2,Papua New Guinean Kina
956,XBB,,European Monetary Unit (E.M.U.-6) (Bond Market Unit)
704,VND,0,Vietnamese Dong
928,VES,2,Venezuelan Sovereign Bolivar
702,SGD,2,Singapore Dollar
682,SAR,2,Saudi Riyal
554,NZD,2,New Zealand Dollar
933,BYN,2,Belarusian Ruble
975,BGN,2,Bulgarian Lev
860,UZS,2,Uzbekistan Sum
840,USD,2,United States Dollar
516,NAD,2,Namibian Dollar
980,UAH,2,Ukrainian Hryvnia
960,XDR,,Special Drawing Rights
446,MOP,2,Macanese Pataca
706,SOS,2,Somali Shilling
050,BDT,2,Bangladeshi Taka
324,GNF,0,Guinean Franc
826,GBP,2,Pound Sterling
320,GTQ,2,Guatemalan Quetzal
936,GHS,2,Ghanaian Cedi
392,JPY,0,Japanese Yen
230,ETB,2,Ethiopian Birr
600,PYG,0,Paraguayan Guarana
360,IDR,2,Indonesian Rupiah
818,EGP,2,Egyptian Pound
332,HTG,2,Haitian Gourde
454,MWK,2,Malawian Kwacha
504,MAD,2,Moroccan Dirham
352,ISK,0,Icelandic Krona (Plural: Kronur)
959,XAU,,Gold (One Troy Ounce)
764,THB,2,Thai Baht
943,MZN,2,Mozambican Metical
901,TWD,2,New Taiwan Dollar
012,DZD,2,Algerian Dinar
748,SZL,2,Swazi Lilangeni
051,AMD,2,Armenian Dram
950,XAF,0,Cfa Franc Beac
941,RSD,2,Serbian Dinar
690,SCR,2,Seychelles Rupee
408,KPW,2,North Korean Won
800,UGX,0,Ugandan Shilling
340,HNL,2,Honduran Lempira
965,XUA,,Adb Unit Of Account
963,XTS,,Code Reserved For Testing
946,RON,2,Romanian Leu
208,DKK,2,Danish Krone
418,LAK,2,Lao Kip
926,VED,2,Venezuelan Digital Bolivar
997,USN,2,United States Dollar (Next Day) (Funds Code)
566,NGN,2,Nigerian Naira
930,STN,2,Sao Tome And Principe Dobra
578,NOK,2,Norwegian Krone
986,BRL,2,Brazilian Real
834,TZS,2,Tanzanian Shilling
944,AZN,2,Azerbaijani Manat
929,MRU,2,Mauritanian Ouguiya
932,ZWL,2,Zimbabwean Dollar
548,VUV,0,Vanuatu Vatu
947,CHE,2,Wir Euro (Complementary Currency)
927,UYW,4,Unidad Previsional [15]
132,CVE,2,Cape Verdean Escudo
124,CAD,2,Canadian Dollar
214,DOP,2,Dominican Peso
388,JMD,2,Jamaican Dollar
979,MXV,2,Mexican Unidad De Inversion (UDI) (Funds Code)
400,JOD,3,Jordanian Dinar
807,MKD,2,North Macedonian Denar
994,XSU,,Sucre
952,XOF,0,Cfa Franc Bceao
972,TJS,2,Tajikistani Somoni
646,RWF,0,Rwandan Franc
136,KYD,2,Cayman Islands Dollar
977,BAM,2,Bosnia And Herzegovina Convertible Mark
458,MYR,2,Malaysian Ringgit
643,RUB,2,Russian Ruble
480,MUR,2,Mauritian Rupee
532,ANG,2,Netherlands Antillean Guilder
064,BTN,2,Bhutanese Ngultrum
858,UYU,2,Uruguayan Peso
654,SHP,2,Saint Helena Pound
242,FJD,2,Fiji Dollar
192,CUP,2,Cuban Peso
981,GEL,2,Georgian Lari
776,TOP,2,Tongan Paanga
174,KMF,0,Comoro Franc
925,SLE,2,Sierra Leonean Leone
048,BHD,3,Bahraini Dinar
756,CHF,2,Swiss Franc
052,BBD,2,Barbados Dollar
752,SEK,2,Swedish Krona (Plural: Kronor)
344,HKD,2,Hong Kong Dollar
882,WST,2,Samoan Tala
970,COU,2,Unidad De Valor Real (UVR) (Funds Code)
984,BOV,2,Bolivian Mvdol (Funds Code)
990,CLF,4,Unidad De Fomento (Funds Code)
728,SSP,2,South Sudanese Pound
292,GIP,2,Gibraltar Pound
404,KES,2,Kenyan Shilling
270,GMD,2,Gambian Dalasi
348,HUF,2,Hungarian Forint
968,SRD,2,Surinamese Dollar
364,IRR,2,Iranian Rial
948,CHW,2,Wir Franc (Complementary Currency)
356,INR,2,Indian Rupee
036,AUD,2,Australian Dollar
694,SLL,2,Sierra Leonean Leone
985,PLN,2,Polish Zloty
951,XCD,2,East Caribbean Dollar
096,BND,2,Brunei Dollar
116,KHR,2,Cambodian Riel
780,TTD,2,Trinidad And Tobago Dollar
760,SYP,2,Syrian Pound
090,SBD,2,Solomon Islands Dollar
232,ERN,2,Eritrean Nakfa
072,BWP,2,Botswana Pula
999,XXX,,No Currency
953,XPF,0,Cfp Franc (Franc Pacifique)
108,BIF,0,Burundian Franc
222,SVC,2,Salvadoran Colon
938,SDG,2,Sudanese Pound
328,GYD,2,Guyanese Dollar
410,KRW,0,South Korean Won
152,CLP,0,Chilean Peso
144,LKR,2,Sri Lankan Rupee
191,HRK,2,Croatian Kuna
586,PKR,2,Pakistani Rupee
784,AED,2,United Arab Emirates Dirham
417,KGS,2,Kyrgyzstani Som
608,PHP,2,Philippine Peso
971,AFN,2,Afghan Afghani
008,ALL,2,Albanian Lek
032,ARS,2,Argentine Peso
710,ZAR,2,South African Rand
203,CZK,2,Czech Koruna
931,CUC,2,Cuban Convertible Peso
422,LBP,2,Lebanese Pound
976,CDF,2,Congolese Franc
398,KZT,2,Kazakhstani Tenge
949,TRY,2,Turkish Lira
558,NIO,2,Nicaraguan Cordoba
376,ILS,2,Israeli New Shekel
434,LYD,3,Libyan Dinar
498,MDL,2,Moldovan Leu
524,NPR,2,Nepalese Rupee
104,MMK,2,Myanmar Kyat
084,BZD,2,Belize Dollar
170,COP,2,Colombian Peso
496,MNT,2,Mongolian Tugrik
044,BSD,2,Bahamian Dollar
958,XBD,,European Unit Of Account 17 (E.U.A.-17) (Bond Market Unit)
262,DJF,0,Djiboutian Franc
188,CRC,2,Costa Rican Colon
430,LRD,2,Liberian Dollar
462,MVR,2,Maldivian Rufiyaa
484,MXN,2,Mexican Peso
238,FKP,2,Falkland Islands Pound
969,MGA,2,Malagasy Ariary
957,XBC,,European Unit Of Account 9 (E.U.A.-9) (Bond Market Unit)
