country_numeric,country_code,country_code_alternative,country_name,visa_region_code,mastercard_region_code,legacy_country_id
004,AF,AFG,Afghanistan,7,6,2
008,AL,ALB,Albania,7,5,3
010,AQ,ATA,Antarctica,0,5,
012,DZ,DZA,Algeria,7,6,5
016,AS,ASM,American Samoa,4,4,6
020,AD,AND,Andorra,5,5,7
024,AO,AGO,Angola,7,6,8
028,AG,ATG,Antigua And Barbuda,3,3,9
031,AZ,AZE,Azerbaijan,7,5,10
032,AR,ARG,Argentina,3,3,11
036,AU,AUS,Australia,4,4,12
040,AT,AUT,Austria,5,5,13
044,BS,BHS,Bahamas,3,3,14
048,BH,BHR,Bahrain,7,6,15
050,BD,BGD,Bangladesh,4,4,16
051,AM,ARM,Armenia,7,5,17
052,BB,BRB,Barbados,3,3,18
056,BE,BEL,Belgium,5,5,19
060,BM,BMU,Bermuda,3,3,20
064,BT,BTN,Bhutan,4,4,21
068,BO,BOL,"Bolivia, Plurinational State Of",3,3,22
070,BA,BIH,Bosnia And Herzegovina,7,5,23
072,BW,BWA,Botswana,7,6,24
074,BV,BVT,Bouvet Island,0,6,25
076,BR,BRA,Brazil,3,3,26
084,BZ,BLZ,Belize,3,3,27
086,IO,IOT,British Indian Ocean Territory,0,6,
090,SB,SLB,Solomon Islands,4,4,29
092,VG,VGB,"Virgin Islands, British",3,3,30
096,BN,BRN,Brunei Darussalam,4,4,31
100,BG,BGR,Bulgaria,5,5,32
104,MM,MMR,Myanmar,4,4,33
108,BI,BDI,Burundi,7,6,34
112,BY,BLR,Belarus,5,5,35
116,KH,KHM,Cambodia,4,4,36
120,CM,CMR,Cameroon,7,6,37
124,CA,CAN,Canada,2,2,38
132,CV,CPV,Cape Verde,7,6,39
136,KY,CYM,Cayman Islands,3,3,40
140,CF,CAF,Central African Republic,7,6,41
144,LK,LKA,Sri Lanka,4,4,42
148,TD,TCD,Chad,7,6,43
152,CL,CHL,Chile,3,3,44
156,CN,CHN,China,4,4,45
158,TW,TWN,Taiwan,4,4,46
162,CX,CXR,Christmas Island,0,4,47
166,CC,CCK,Cocos (Keeling) Islands,0,4,48
170,CO,COL,Colombia,3,3,49
174,KM,COM,Comoros,7,6,50
175,YT,MYT,Mayotte,0,5,51
178,CG,COG,Congo ,7,6,52
180,CD,ZAR,Democratic Republic Of The Congo,7,6,53
184,CK,COK,Cook Islands,4,4,54
188,CR,CRI,Costa Rica,3,3,55
191,HR,HRV,Croatia,5,5,56
192,CU,CUB,Cuba,0,3,57
196,CY,CYP,Cyprus,5,5,58
203,CZ,CZE,Czech Republic,5,5,59
204,BJ,BEN,Benin,7,6,60
208,DK,DNK,Denmark,5,5,61
212,DM,DMA,Dominica,3,3,62
214,DO,DOM,Dominican Republic,3,3,63
218,EC,ECU,Ecuador,3,3,64
222,SV,SLV,El Salvador,3,3,65
226,GQ,GNQ,Equatorial Guinea,7,6,66
230,ET,ETH,Ethiopia,7,6,67
232,ER,ERI,Eritrea,0,6,68
233,EE,EST,Estonia,5,5,69
234,FO,FRO,Faroe Islands,0,5,70
238,FK,FLK,Falkland Islands (Malvinas),0,5,71
239,GS,SGS,South Georgia And The South Sandwich Islands,0,5,72
242,FJ,FJI,Fiji,4,4,73
246,FI,FIN,Finland,5,5,74
248,AX,ALA,Aland Islands,0,5,75
250,FR,FRA,France,5,5,77
254,GF,GUF,French Guiana,0,5,78
258,PF,PYF,French Polynesia,0,4,79
260,TF,ATF,French Southern Territories,0,6,80
262,DJ,DJI,Djibouti,7,6,81
266,GA,GAB,Gabon,7,6,82
268,GE,GEO,Georgia,7,5,83
270,GM,GMB,Gambia,7,6,84
275,PS,PSE,"Palestine, State Of",7,6,85
276,DE,DEU,Germany,5,5,86
288,GH,GHA,Ghana,7,6,87
292,GI,GIB,Gibraltar,5,5,88
296,KI,KIR,Kiribati,4,4,89
300,GR,GRC,Greece,5,5,90
304,GL,GRL,Greenland,0,5,91
308,GD,GRD,Grenada,3,3,92
312,GP,GLP,Guadeloupe,0,5,93
316,GU,GUM,Guam,4,4,94
320,GT,GTM,Guatemala,3,3,95
324,GN,GIN,Guinea,7,6,96
328,GY,GUY,Guyana,3,3,97
332,HT,HTI,Haiti,3,3,98
334,HM,HMD,Heard And Mcdonald Islands,0,4,99
336,VA,VAT,Vatican City State (Holy See),5,5,100
340,HN,HND,Honduras,3,3,101
344,HK,HKG,Hong Kong,4,4,102
348,HU,HUN,Hungary,5,5,103
352,IS,ISL,Iceland,5,5,104
356,IN,IND,India,4,4,105
360,ID,IDN,Indonesia,4,4,106
364,IR,IRN,Iran,7,6,107
368,IQ,IRQ,Iraq,7,6,108
372,IE,IRL,Ireland,5,5,109
376,IL,ISR,Israel,5,5,110
380,IT,ITA,Italy,5,5,111
384,CI,CIV,Cote D'Ivoire,7,6,112
388,JM,JAM,Jamaica,3,3,113
392,JP,JPN,Japan,4,4,114
398,KZ,KAZ,Kazakhstan,7,5,115
400,JO,JOR,Jordan,7,6,116
404,KE,KEN,Kenya,7,6,117
408,KP,PRK,North Korea,4,4,118
410,KR,KOR,"Korea, Republic Of",4,4,119
414,KW,KWT,Kuwait,7,6,120
417,KG,KGZ,Kyrgyzstan,7,5,121
418,LA,LAO,Lao People's Democratic Republic,4,4,122
422,LB,LBN,Lebanon,7,6,123
426,LS,LSO,Lesotho,7,6,124
428,LV,LVA,Latvia,5,5,125
430,LR,LBR,Liberia,7,6,126
434,LY,LBY,Libyan Arab Jamahiriya,7,6,127
438,LI,LIE,Liechtenstein,5,5,128
440,LT,LTU,Lithuania,5,5,129
442,LU,LUX,Luxembourg,5,5,130
446,MO,MAC,Macao,4,4,131
450,MG,MDG,Madagascar,7,6,132
454,MW,MWI,Malawi,7,6,133
458,MY,MYS,Malaysia,4,4,134
462,MV,MDV,Maldives,4,4,135
466,ML,MLI,Mali,7,6,136
470,MT,MLT,Malta,5,5,137
474,MQ,MTQ,Martinique,0,5,138
478,MR,MRT,Mauritania,7,6,139
480,MU,MUS,Mauritius,7,6,140
484,MX,MEX,Mexico,3,3,141
492,MC,MCO,Monaco,5,5,142
496,MN,MNG,Mongolia,4,4,143
498,MD,MDA,"Moldova, Republic Of",7,5,144
499,ME,MNE,Montenegro,7,5,145
500,MS,MSR,Montserrat,0,3,146
504,MA,MAR,Morocco,7,6,147
508,MZ,MOZ,Mozambique,7,6,148
512,OM,OMN,Oman,7,6,149
516,NA,NAM,Namibia,7,6,150
520,NR,NRU,Nauru,0,4,151
524,NP,NPL,Nepal,4,4,152
528,NL,NLD,Netherlands,5,5,153
530,AN,ANT,Netherlands Antilles,0,3,154
531,CW,CUW,Curacao,3,3,4
533,AW,ABW,Aruba,3,3,155
534,SX,SXM,Sint Maarten (Dutch Part),3,3,28
535,BQ,BES,"Bonaire, St. Eusasius And Saba",3,3,248
540,NC,NCL,New Caledonia,4,4,156
548,VU,VUT,Vanuatu,4,4,157
554,NZ,NZL,New Zealand,4,4,158
558,NI,NIC,Nicaragua,3,3,159
562,NE,NER,Niger,7,6,160
566,NG,NGA,Nigeria,7,6,161
570,NU,NIU,Niue,0,4,162
574,NF,NFK,Norfolk Island,0,4,163
578,NO,NOR,Norway,5,5,164
580,MP,MNP,Northern Mariana Islands,0,4,165
581,UM,UMI,U.S. Minor Outlying Islands,0,4,166
583,FM,FSM,"Micronesia, Federated States Of",4,4,167
584,MH,MHL,Marshall Islands,0,4,168
585,PW,PLW,Palau,0,4,169
586,PK,PAK,Pakistan,7,6,170
591,PA,PAN,Panama,3,3,171
598,PG,PNG,Papua New Guinea,4,4,172
600,PY,PRY,Paraguay,3,3,173
604,PE,PER,Peru,3,3,174
608,PH,PHL,Philippines,4,4,175
612,PN,PCN,Pitcairn,0,4,176
616,PL,POL,Poland,5,5,177
620,PT,PRT,Portugal,5,5,178
624,GW,GNB,Guinea-Bissau,7,6,179
626,TP,TMP,Timor-Leste,0,4,180
630,PR,PRI,Puerto Rico,3,3,181
634,QA,QAT,Qatar,7,6,182
638,RE,REU,Reunion,0,5,183
642,RO,ROM,Romania,5,5,184
643,RU,RUS,Russian Federation,7,5,185
646,RW,RWA,Rwanda,7,6,186
652,BL,BLM,Saint Barthelemy,0,3,187
654,SH,SHN,"Saint Helena, Ascension And Tristan Da Cunha",0,5,188
659,KN,KNA,St. Kitts And Nevis,3,3,189
660,AI,AIA,Anguilla,3,3,190
662,LC,LCA,St. Lucia,3,3,191
663,MF,MAF,Saint Martin (French Part),0,3,192
666,PM,SPM,St. Pierre And Miquelon,0,2,193
670,VC,VCT,St. Vincent And The Grenadines,3,3,194
674,SM,SMR,San Marino,5,5,195
678,ST,STP,Sao Tome And Principe,0,6,196
682,SA,SAU,Saudi Arabia,7,6,197
686,SN,SEN,Senegal,7,6,198
688,RS,SRB,Serbia,7,5,199
690,SC,SYC,Seychelles,7,6,200
694,SL,SLE,Sierra Leone,7,6,201
702,SG,SGP,Singapore,4,4,202
703,SK,SVK,Slovakia,5,5,203
704,VN,VNM,Vietnam,4,4,204
705,SI,SVN,Slovenia,5,5,205
706,SO,SOM,Somalia,7,6,206
710,ZA,ZAF,South Africa,7,6,207
716,ZW,ZWE,Zimbabwe,7,6,208
724,ES,ESP,Spain,5,5,209
728,SS,SSD,Republic Of South Sudan,7,6,251
729,SD,SDN,Sudan,7,6,211
732,EH,ESH,Western Sahara,0,6,210
740,SR,SUR,Suriname,3,3,212
744,SJ,SJM,Svalbard And Jan Mayen,0,5,213
748,SZ,SWZ,Swaziland,7,6,214
752,SE,SWE,Sweden,5,5,215
756,CH,CHE,Switzerland,5,5,216
760,SY,SYR,Syria,7,6,217
762,TJ,TJK,Tajikistan,7,5,218
764,TH,THA,Thailand,4,4,219
768,TG,TGO,Togo,7,6,220
772,TK,TKL,Tokelau,0,4,221
776,TO,TON,Tonga,4,4,222
780,TT,TTO,Trinidad And Tobago,3,3,223
784,AE,ARE,United Arab Emirates,7,6,224
788,TN,TUN,Tunisia,7,6,225
792,TR,TUR,Turkey,5,5,226
795,TM,TKM,Turkmenistan,7,5,227
796,TC,TCA,Turks And Caicos Islands,3,3,228
798,TV,TUV,Tuvalu,0,4,229
800,UG,UGA,Uganda,7,6,230
804,UA,UKR,Ukraine,7,5,231
807,MK,MKD,Macedonia,7,5,232
818,EG,EGY,Egypt,7,6,233
826,GB,GBR,United Kingdom,5,5,234
831,GG,GGY,Guernsey,0,5,235
832,JE,JEY,Jersey,0,5,236
833,IM,IMN,Isle Of Man,0,5,237
834,TZ,TZA,"Tanzania, United Republic Of",7,6,238
840,US,USA,United States,1,1,239
850,VI,VIR,"Virgin Islands, U.S.",3,3,240
854,BF,BFA,Burkina Faso,7,6,241
858,UY,URY,Uruguay,3,3,242
860,UZ,UZB,Uzbekistan,7,5,243
862,VE,VEN,"Venezuela, Bolivarian Republic Of",3,3,244
876,WF,WLF,Wallis And Futuna,0,4,245
882,WS,WSM,Samoa,4,4,246
886,YE,YEM,Yemen,7,6,247
894,ZM,ZMB,Zambia,7,6,249
900,QZ,QZZ,"Kosovo, United Nations Mission In Kosovo (UNMIK)",7,5,250
